{
  "\u5f85\u5b66\u4e60\u5217\u8868.md": 1773399897.9039714,
  "CLAUDE.md": 1775888598.8581936,
  "\u66fe\u7528\u8fc7\u7684\u63d0\u793a\u8bcd/\u8fd0\u8425\u4ea7\u54c1 - \u524d\u7aef\u67b6\u6784\u63d0\u793a\u8bcd.md": 1769074668.010427,
  "\u66fe\u7528\u8fc7\u7684\u63d0\u793a\u8bcd/starrocks wolf_v4\u9020\u6570\u636e.md": 1761318313.5273013,
  "\u66fe\u7528\u8fc7\u7684\u63d0\u793a\u8bcd/\u667a\u8c31\u5927\u6a21\u578b\u5e94\u7528.md": 1761730238.1227748,
  "\u66fe\u7528\u8fc7\u7684\u63d0\u793a\u8bcd/\u8fd0\u8425\u4ea7\u54c1 - \u5bf9\u63a5\u5927\u8bed\u8a00\u6a21\u578b - OpenAI SDK \u63d0\u793a\u8bcd.md": 1769185515.5075583,
  "\u66fe\u7528\u8fc7\u7684\u63d0\u793a\u8bcd/\u8fd0\u8425\u4ea7\u54c1 - \u540e\u7aef\u4e1a\u52a1\u63d0\u793a\u8bcd.md": 1769054905.5287316,
  "\u66fe\u7528\u8fc7\u7684\u63d0\u793a\u8bcd/\u8fd0\u8425\u4ea7\u54c1 - \u524d\u7aef\u4e1a\u52a1\u5b9e\u73b0\u63d0\u793a\u8bcd.md": 1769077390.5186741,
  "\u66fe\u7528\u8fc7\u7684\u63d0\u793a\u8bcd/Python langchain\u5de5\u7a0b\u521b\u5efaprompt.md": 1767153246.014039,
  "\u66fe\u7528\u8fc7\u7684\u63d0\u793a\u8bcd/\u8fd0\u8425\u4ea7\u54c1\u63d0\u793a\u8bcd.md": 1769185515.5083332,
  "\u66fe\u7528\u8fc7\u7684\u63d0\u793a\u8bcd/\u8fd0\u8425\u4ea7\u54c1 - \u5bf9\u63a5\u5927\u8bed\u8a00\u6a21\u578b - \u4e1a\u52a1\u5b9e\u73b0\u63d0\u793a\u8bcd.md": 1769185515.5079136,
  "\u66fe\u7528\u8fc7\u7684\u63d0\u793a\u8bcd/\u8fd0\u8425\u4ea7\u54c1 - \u540e\u7aef\u6846\u67b6\u63d0\u793a\u8bcd.md": 1769052139.130036,
  "\u66fe\u7528\u8fc7\u7684\u63d0\u793a\u8bcd/\u8fd0\u8425\u4ea7\u54c1 - \u5bf9\u63a5\u5927\u8bed\u8a00\u6a21\u578b - \u6846\u67b6\u63d0\u793a\u8bcd.md": 1769185515.5080009,
  "\u66fe\u7528\u8fc7\u7684\u63d0\u793a\u8bcd/\u8fd0\u8425\u4ea7\u54c1 - \u524d\u540e\u7aef\u8054\u8c03\u63d0\u793a\u8bcd.md": 1769185515.5074658,
  "\u64cd\u4f5c\u8bb0\u5f55/\u963f\u91cc\u4e91\u4f01\u4e1a\u90ae\u7bb1\u4f7f\u7528.md": 1772080887.4400067,
  "\u64cd\u4f5c\u8bb0\u5f55/\u5df2\u7ecf\u5b89\u88c5skills.md": 1772112453.8257222,
  "\u64cd\u4f5c\u8bb0\u5f55/\u5b89\u88c5\u914d\u7f6eopenvpn.md": 1758885171.193326,
  "\u64cd\u4f5c\u8bb0\u5f55/zshrc \u914d\u7f6e\u6587\u4ef6\u793a\u4f8b.md": 1773840152.7888293,
  "\u64cd\u4f5c\u8bb0\u5f55/Ollama \u5b89\u88c5\u548c\u4f7f\u7528.md": 1772524378.667248,
  "\u64cd\u4f5c\u8bb0\u5f55/tmux \u5b89\u88c5.md": 1773113665.4913023,
  "\u64cd\u4f5c\u8bb0\u5f55/Claude Code\u5b89\u88c5\u548c\u914d\u7f6e.md": 1772096977.228154,
  "\u64cd\u4f5c\u8bb0\u5f55/OpenSpec \u5b89\u88c5\u548c\u4f7f\u7528.md": 1772257053.4389496,
  "\u64cd\u4f5c\u8bb0\u5f55/Neovim \u914d\u7f6e java scala.md": 1774428694.7510707,
  "\u64cd\u4f5c\u8bb0\u5f55/nvim \u5b66\u4e60\u8bb0\u5f55.md": 1774249946.6801195,
  "\u64cd\u4f5c\u8bb0\u5f55/Skills \u4ed3\u5e93.md": 1772096977.2283838,
  "\u64cd\u4f5c\u8bb0\u5f55/Zellij \u64cd\u4f5c\u8bb0\u5f55.md": 1773822703.4478166,
  "\u64cd\u4f5c\u8bb0\u5f55/yabai\u7684\u4e00\u4e9b\u53ef\u4ee5\u5b9e\u9a8c\u7684\u914d\u7f6e.md": 1772806449.7568858,
  "\u64cd\u4f5c\u8bb0\u5f55/\u5de5\u4f5c\u73af\u5883\u521d\u59cb\u5316.md": 1774444908.166349,
  "\u64cd\u4f5c\u8bb0\u5f55/Git hook \u4f7f\u7528\u6280\u5de7.md": 1772852986.6406395,
  "\u64cd\u4f5c\u8bb0\u5f55/Python\u5f00\u53d1\u73af\u5883\u521d\u59cb\u5316.md": 1767500414.9745312,
  "\u64cd\u4f5c\u8bb0\u5f55/python Neovim\u73af\u5883\u521b\u5efa.md": 1759162410.7331293,
  "\u64cd\u4f5c\u8bb0\u5f55/rime\u5b89\u88c5\u548c\u914d\u7f6e.md": 1760366841.6483603,
  "\u64cd\u4f5c\u8bb0\u5f55/NVim \u672a\u5b8c\u6210\u7684\u914d\u7f6e.md": 1760190077.200464,
  "\u64cd\u4f5c\u8bb0\u5f55/\u5b89\u88c5\u914d\u7f6eKarabiner.md": 1760970928.1924496,
  "\u64cd\u4f5c\u8bb0\u5f55/QuestDB \u5b89\u88c5\u914d\u7f6e\u3001\u4f7f\u7528.md": 1763380329.3604357,
  "\u64cd\u4f5c\u8bb0\u5f55/\u5b89\u88c5\u914d\u7f6ep10k.md": 1758883543.7750287,
  "\u64cd\u4f5c\u8bb0\u5f55/\u5b89\u88c5Jenv\u7ba1\u7406jdk\u73af\u5883.md": 1763218360.5297656,
  "\u64cd\u4f5c\u8bb0\u5f55/fluxdb\u5b89\u88c5\u914d\u7f6e.md": 1758794655.5465252,
  "\u64cd\u4f5c\u8bb0\u5f55/mysql\u76f8\u5173\u914d\u7f6e.md": 1762500519.2227912,
  "\u64cd\u4f5c\u8bb0\u5f55/Git \u4f7f\u7528\u548c\u64cd\u4f5c\u6280\u5de7.md": 1772852818.194947,
  "\u64cd\u4f5c\u8bb0\u5f55/\u5b89\u88c5llmfit.md": 1772369278.3631365,
  "\u64cd\u4f5c\u8bb0\u5f55/NeoVim Copilot\u5b89\u88c5\u914d\u7f6e.md": 1760448863.5996902,
  "\u64cd\u4f5c\u8bb0\u5f55/uiautomator2 \u5b89\u88c5\u914d\u7f6e\u548c\u5f00\u53d1.md": 1760150353.4217944,
  "\u64cd\u4f5c\u8bb0\u5f55/Via\u6539\u952e\u6559\u7a0b.md": 1769002000.7990174,
  "\u64cd\u4f5c\u8bb0\u5f55/poetry \u5b89\u88c5\u548c\u914d\u7f6e.md": 1760154610.651897,
  "\u64cd\u4f5c\u8bb0\u5f55/Skechybar \u64cd\u4f5c\u8bb0\u5f55.md": 1772633785.304599,
  "\u64cd\u4f5c\u8bb0\u5f55/WezTerm \u64cd\u4f5c.md": 1773239530.13494,
  "\u64cd\u4f5c\u8bb0\u5f55/\u963f\u91cc\u4e91\u767e\u70bc\u5bc6\u94a5.md": 1768020697.0923476,
  "\u64cd\u4f5c\u8bb0\u5f55/Starrocks \u64cd\u4f5c.md": 1766124719.1514924,
  "\u64cd\u4f5c\u8bb0\u5f55/OmniWM \u5feb\u901f\u5165\u95e8\u6307\u5357.md": 1772295882.9307487,
  "\u64cd\u4f5c\u8bb0\u5f55/Chrome Dev Tool \u914d\u7f6e MCP.md": 1773841819.045666,
  "\u64cd\u4f5c\u8bb0\u5f55/NanoBot \u6559\u7a0b.md": 1772593190.1452272,
  "\u64cd\u4f5c\u8bb0\u5f55/Skhd \u64cd\u4f5c\u8bb0\u5f55.md": 1772633984.2830775,
  "\u64cd\u4f5c\u8bb0\u5f55/python \u73af\u5883\u521d\u59cb\u5316.md": 1761404945.1247475,
  "\u64cd\u4f5c\u8bb0\u5f55/Node.js\u73af\u5883\u521d\u59cb\u5316.md": 1762917289.201391,
  "\u6280\u672f\u5de5\u4f5c/Gemini\u56de\u590d\u7533\u4e07arm\u7cfb\u7edfstreaming worker\u5185\u5b58gc\u95ee\u9898.md": 1760698438.8559155,
  "\u6280\u672f\u5de5\u4f5c/Starrocks docker\u5b89\u88c5\u65b9\u6cd5.md": 1763480168.105497,
  "\u6280\u672f\u5de5\u4f5c/Split markdown - text splitter integration \u4e00\u4e2amarkdown\u5207\u5206\u5de5\u5177.md": 1770734906.0091555,
  "\u6280\u672f\u5de5\u4f5c/\u670d\u52a1\u96ea\u5d29\u7684\u539f\u56e0\u548c\u89e3\u51b3\u65b9\u6848.md": 1763434988.1132143,
  "\u6280\u672f\u5de5\u4f5c/zookeeper \u589e\u52a0acl\u8bbf\u95ee\u6743\u9650.md": 1764687454.8839602,
  "\u6280\u672f\u5de5\u4f5c/Starrocks\u5bfc\u5165\u5bfc\u51fa.md": 1763030291.578468,
  "\u6280\u672f\u5de5\u4f5c/cms g1 zgc \u5783\u573e\u56de\u6536\u5668\u5bf9\u6bd4.md": 1761895353.8504815,
  "\u6280\u672f\u5de5\u4f5c/Jenkins 2.541 \u5b89\u88c5\u914d\u7f6e.md": 1772606711.9041045,
  "\u6280\u672f\u5de5\u4f5c/redis\u54e8\u5175\u6a21\u5f0f\u9009\u4e3b\u7684\u8fc7\u7a0b.md": 1760511577.1075697,
  "\u6280\u672f\u5de5\u4f5c/datatist Jenkins \u8bb0\u5f55.md": 1767061365.9398801,
  "\u6280\u672f\u5de5\u4f5c/\u5982\u4f55\u901a\u8fc7curl\u8bbf\u95eemcp.md": 1768060065.2056258,
  "\u6280\u672f\u5de5\u4f5c/Nacos\u914d\u7f6e.md": 1766461406.869917,
  "\u6280\u672f\u5de5\u4f5c/\u8bbe\u8ba1\u6a21\u5f0f - \u7b56\u7565\u6a21\u5f0f.md": 1760366841.6480024,
  "\u6280\u672f\u5de5\u4f5c/\u5b9a\u5236\u952e\u76d8.md": 1765031288.0312457,
  "\u6280\u672f\u5de5\u4f5c/Redis \u5206\u5e03\u5f0f\u9501.md": 1760590848.5137548,
  "\u6280\u672f\u5de5\u4f5c/Maven \u7684\u4f7f\u7528.md": 1770802604.749203,
  "\u6280\u672f\u5de5\u4f5c/JDK17 \u547d\u4ee4\u793a\u4f8b.md": 1775637014.9836266,
  "\u6280\u672f\u5de5\u4f5c/Windows WSL \u64cd\u4f5c\u6307\u5357.md": 1771989131.0393147,
  "\u6280\u672f\u5de5\u4f5c/\u5f02\u6b65\u6d88\u606f\u7684\u4f18\u7f3a\u70b9\u548c\u95ee\u9898\u89e3\u51b3\u65b9\u6848.md": 1760366841.6476436,